year,poverty_rate,gini,learning_poverty_rate
2016,20.49,,33.528688748677574
2021,20.49,,37.19927961561415
