year,poverty_rate,gini,learning_poverty_rate
1993,33.54,,
2000,,,
2005,28.33,,
2008,18.66,,
2010,18.04,,
2014,20.49,,
2016,,,33.528688748677574
2021,,,37.19927961561415
